url,label
https://reactjs.org,0
https://facebook.com,0
http://account-verify.xyz,1
https://www.linkedin.com/feed,0
https://www.cloudflare.com,0
http://login-apple-support.net/qxj9k2z0vmfmwaq8p,1
http://account.update.secure.login.bankofamerica.com.evil.net,1
https://medium.com,0
https://www.openai.com,0
https://en.wikipedia.org/wiki/Phishing,0
http://netflix-update.com,1
https://www.google.com,0
http://verify.www.paypal.com.account.secure.xyz,1
https://www.googIe.com,1
http://amzon.com,1
https://www.google.com,0
https://facebook.com,0
https://www.cloudflare.com,0
https://en.wikipedia.org/wiki/Phishing,0
https://amazon-security-update.com/a93jg8q94j284hq98fhq284hf,1
http://amzon.com,1
https://ámázon.com,1
https://www.cloudflare.com,0
https://facebook.com,0
https://medium.com,0
https://ámázon.com,1
http://paypal-update-user.info,1
http://secure-update-account.com/token=e82fjwqz8x9cqm,1
https://www.apple.com/iphone,0
https://youtube.com,0
https://www.netflix.com/browse,0
http://login-apple-support.net/qxj9k2z0vmfmwaq8p,1
http://172.16.0.5/confirm,1
https://github.com/login,0
https://www.netflix.com/browse,0
http://paypa1.com,1
http://login-apple-support.net/qxj9k2z0vmfmwaq8p,1
http://secure-update-account.com/token=e82fjwqz8x9cqm,1
https://www.netflix.com/browse,0
http://verify-your-bank-account.com,1
http://facebook-login-verify.com/secure,1
https://medium.com,0
http://netflix-update.com,1
http://paypa1.com,1
https://reactjs.org,0
https://appIe.com,1
https://www.microsoft.com,0
https://youtube.com,0
https://www.microsoft.com,0
https://www.netflix.com/browse,0
http://paypa1.com,1
http://verify.www.paypal.com.account.secure.xyz,1
https://reddit.com/r/learnpython,0
https://www.openai.com,0
https://facebook.com,0
https://www.apple.com/iphone,0
https://twitter.com/home,0
https://www.netflix.com/browse,0
http://172.16.0.5/confirm,1
https://stackoverflow.com/questions,0
https://twitter.com/home,0
https://www.linkedin.com/feed,0
https://www.googIe.com,1
https://www.netflix.com/browse,0
https://medium.com,0
http://verify.www.paypal.com.account.secure.xyz,1
https://news.ycombinator.com,0
https://medium.com,0
http://t.co/9Ajsd82,1
https://reddit.com/r/learnpython,0
https://www.amazon.com/gp/cart/view.html,0
https://appIe.com,1
https://reactjs.org,0
https://www.netflix.com/browse,0
https://www.google.com,0
http://paypa1.com,1
https://ámázon.com,1
https://www.amazon.com/gp/cart/view.html,0
https://tinyurl.com/aB3x9k,1
https://fàcebook.com,1
https://youtube.com,0
https://www.linkedin.com/feed,0
https://en.wikipedia.org/wiki/Phishing,0
https://www.linkedin.com/feed,0
https://www.apple.com/iphone,0
http://account-verify.xyz,1
https://reddit.com/r/learnpython,0
http://paypa1.com,1
http://paypa1.com,1
https://amazon-security-update.com/a93jg8q94j284hq98fhq284hf,1
https://www.apple.com/iphone,0
https://medium.com,0
https://news.ycombinator.com,0
https://stackoverflow.com/questions,0
https://www.microsoft.com,0
http://10.10.10.10/verify-account,1
https://en.wikipedia.org/wiki/Phishing,0
http://amzon.com,1
http://facebook-login-verify.com/secure,1
https://www.linkedin.com/feed,0
http://account.update.secure.login.bankofamerica.com.evil.net,1
https://www.amazon.com/gp/cart/view.html,0
http://secure-update-account.com/token=e82fjwqz8x9cqm,1
https://appIe.com,1
https://facebook.com,0
http://172.16.0.5/confirm,1
https://www.google.com,0
http://10.10.10.10/verify-account,1
https://reddit.com/r/learnpython,0
http://netflix-update.com,1
http://172.16.0.5/confirm,1
http://192.168.1.1/login.php,1
http://gòogle.com/secure,1
https://reactjs.org,0
https://github.com/login,0
https://www.apple.com/iphone,0
https://tinyurl.com/aB3x9k,1
http://bit.ly/2kfdA9,1
http://paypa1.com,1
http://verify-your-bank-account.com,1
http://bit.ly/2kfdA9,1
https://github.com/login,0
https://www.google.com,0
https://www.netflix.com/browse,0
http://login-apple-support.net/qxj9k2z0vmfmwaq8p,1
https://www.openai.com,0
https://news.ycombinator.com,0
https://news.ycombinator.com,0
https://www.amazon.com/gp/cart/view.html,0
https://amazon-security-update.com/a93jg8q94j284hq98fhq284hf,1
https://reddit.com/r/learnpython,0
https://www.apple.com/iphone,0
https://netflix-updàte.com,1
https://www.microsoft.com,0
https://www.linkedin.com/feed,0
https://www.openai.com,0
https://reddit.com/r/learnpython,0
https://facebook.com,0
http://gòogle.com/secure,1
https://twitter.com/home,0
http://www.linkdln.com,1
https://github.com/login,0
http://account.update.secure.login.bankofamerica.com.evil.net,1
https://medium.com,0
http://10.10.10.10/verify-account,1
http://gòogle.com/secure,1
http://facebook-login-verify.com/secure,1
https://reactjs.org,0
http://netflix-update.com,1
http://paypál.com/login,1
https://medium.com,0
https://www.apple.com/iphone,0
http://10.10.10.10/verify-account,1
https://facebook.com,0
https://reactjs.org,0
https://twitter.com/home,0
https://facebook.com,0
http://account.update.secure.login.bankofamerica.com.evil.net,1
https://stackoverflow.com/questions,0
https://www.amazon.com/gp/cart/view.html,0
https://www.apple.com/iphone,0
https://faceb00k.com,1
http://paypál.com/login,1
http://172.16.0.5/confirm,1
https://ámázon.com,1
http://172.16.0.5/confirm,1
https://stackoverflow.com/questions,0
http://192.168.1.1/login.php,1
https://reddit.com/r/learnpython,0
http://t.co/9Ajsd82,1
https://fàcebook.com,1
http://172.16.0.5/confirm,1
https://faceb00k.com,1
https://twitter.com/home,0
https://www.googIe.com,1
http://account.update.secure.login.bankofamerica.com.evil.net,1
https://fàcebook.com,1
https://www.cloudflare.com,0
http://verify-your-bank-account.com,1
https://en.wikipedia.org/wiki/Phishing,0
http://account-verify.xyz,1
http://paypál.com/login,1
http://account-verify.xyz,1
http://facebook-login-verify.com/secure,1
http://paypa1.com,1
https://www.google.com,0
http://account-verify.xyz,1
http://www.linkdln.com,1
https://www.microsoft.com,0
https://reactjs.org,0
https://www.googIe.com,1
https://www.linkedin.com/feed,0
http://account.update.secure.login.bankofamerica.com.evil.net,1
https://www.google.com,0
https://www.google.com,0
https://www.openai.com,0
https://www.apple.com/iphone,0
https://ámázon.com,1
http://verify.www.paypal.com.account.secure.xyz,1
https://github.com/login,0
https://www.microsoft.com,0
https://www.openai.com,0
https://netflix-updàte.com,1
https://www.microsoft.com,0
http://192.168.1.1/login.php,1
https://amazon-security-update.com/a93jg8q94j284hq98fhq284hf,1
http://192.168.1.1/login.php,1
https://www.cloudflare.com,0
http://facebook-login-verify.com/secure,1
https://www.googIe.com,1
https://www.apple.com/iphone,0
http://login-apple-support.net/qxj9k2z0vmfmwaq8p,1
https://fàcebook.com,1
http://bit.ly/2kfdA9,1
http://www.linkdln.com,1
http://amzon.com,1
http://verify.www.paypal.com.account.secure.xyz,1
http://login-apple-support.net/qxj9k2z0vmfmwaq8p,1
https://news.ycombinator.com,0
https://www.netflix.com/browse,0
http://facebook-login-verify.com/secure,1
https://ámázon.com,1
http://paypal-update-user.info,1
http://www.linkdln.com,1
https://www.apple.com/iphone,0
https://reddit.com/r/learnpython,0
http://t.co/9Ajsd82,1
https://www.google.com,0
https://www.linkedin.com/feed,0
http://verify-your-bank-account.com,1
https://fàcebook.com,1
https://stackoverflow.com/questions,0
https://reddit.com/r/learnpython,0
https://reddit.com/r/learnpython,0
https://www.amazon.com/gp/cart/view.html,0
https://www.microsoft.com,0
https://youtube.com,0
https://appIe.com,1
https://www.cloudflare.com,0
https://appIe.com,1
https://www.cloudflare.com,0
https://medium.com,0
http://account.update.secure.login.bankofamerica.com.evil.net,1
https://reddit.com/r/learnpython,0
http://facebook-login-verify.com/secure,1
https://www.amazon.com/gp/cart/view.html,0
https://www.amazon.com/gp/cart/view.html,0
https://faceb00k.com,1
https://www.cloudflare.com,0
https://youtube.com,0
https://reactjs.org,0
http://paypal-update-user.info,1
http://paypal-update-user.info,1
https://www.openai.com,0
http://bit.ly/2kfdA9,1
https://www.google.com,0
https://netflix-updàte.com,1
https://fàcebook.com,1
http://192.168.1.1/login.php,1
https://www.googIe.com,1
https://netflix-updàte.com,1
https://en.wikipedia.org/wiki/Phishing,0
https://github.com/login,0
http://www.linkdln.com,1
https://www.openai.com,0
https://appIe.com,1
https://facebook.com,0
https://github.com/login,0
https://www.linkedin.com/feed,0
https://www.linkedin.com/feed,0
https://news.ycombinator.com,0
https://www.openai.com,0
https://medium.com,0
http://bit.ly/2kfdA9,1
https://reddit.com/r/learnpython,0
https://appIe.com,1
http://paypal-update-user.info,1
https://fàcebook.com,1
https://www.netflix.com/browse,0
http://t.co/9Ajsd82,1
http://netflix-update.com,1
https://www.apple.com/iphone,0
https://github.com/login,0
https://www.apple.com/iphone,0
http://netflix-update.com,1
http://paypál.com/login,1
http://secure-update-account.com/token=e82fjwqz8x9cqm,1
https://medium.com,0
https://github.com/login,0
https://www.microsoft.com,0
https://medium.com,0
http://192.168.1.1/login.php,1
https://reddit.com/r/learnpython,0
https://reddit.com/r/learnpython,0
http://amzon.com,1
https://en.wikipedia.org/wiki/Phishing,0
http://amzon.com,1
https://www.cloudflare.com,0
http://bit.ly/2kfdA9,1
https://youtube.com,0
http://netflix-update.com,1
https://twitter.com/home,0
http://login-apple-support.net/qxj9k2z0vmfmwaq8p,1
http://verify.www.paypal.com.account.secure.xyz,1
https://facebook.com,0
http://10.10.10.10/verify-account,1
https://reddit.com/r/learnpython,0
http://t.co/9Ajsd82,1
https://www.amazon.com/gp/cart/view.html,0
http://verify.www.paypal.com.account.secure.xyz,1
https://appIe.com,1
http://gòogle.com/secure,1
https://twitter.com/home,0
http://t.co/9Ajsd82,1
https://amazon-security-update.com/a93jg8q94j284hq98fhq284hf,1
http://paypal-update-user.info,1
https://www.openai.com,0
http://172.16.0.5/confirm,1
http://login-apple-support.net/qxj9k2z0vmfmwaq8p,1
https://www.googIe.com,1
https://www.linkedin.com/feed,0
https://en.wikipedia.org/wiki/Phishing,0
https://amazon-security-update.com/a93jg8q94j284hq98fhq284hf,1
http://paypál.com/login,1
https://twitter.com/home,0
https://www.amazon.com/gp/cart/view.html,0
https://www.microsoft.com,0
http://www.linkdln.com,1
http://account-verify.xyz,1
http://verify-your-bank-account.com,1
https://www.openai.com,0
https://stackoverflow.com/questions,0
http://netflix-update.com,1
https://en.wikipedia.org/wiki/Phishing,0
http://verify-your-bank-account.com,1
https://www.linkedin.com/feed,0
https://www.linkedin.com/feed,0
https://news.ycombinator.com,0
http://secure-update-account.com/token=e82fjwqz8x9cqm,1
https://www.linkedin.com/feed,0
http://login-apple-support.net/qxj9k2z0vmfmwaq8p,1
https://www.netflix.com/browse,0
http://paypal-update-user.info,1
http://amzon.com,1
https://www.amazon.com/gp/cart/view.html,0
https://www.cloudflare.com,0
https://netflix-updàte.com,1
https://netflix-updàte.com,1
https://www.openai.com,0
https://reddit.com/r/learnpython,0
http://paypal-update-user.info,1
https://facebook.com,0
https://github.com/login,0
http://account.update.secure.login.bankofamerica.com.evil.net,1
https://reactjs.org,0
http://amzon.com,1
https://en.wikipedia.org/wiki/Phishing,0
http://verify-your-bank-account.com,1
http://verify.www.paypal.com.account.secure.xyz,1
http://gòogle.com/secure,1
https://faceb00k.com,1
https://tinyurl.com/aB3x9k,1
https://news.ycombinator.com,0
https://news.ycombinator.com,0
https://www.microsoft.com,0
https://www.cloudflare.com,0
https://github.com/login,0
https://github.com/login,0
https://reactjs.org,0
http://t.co/9Ajsd82,1
https://www.apple.com/iphone,0
http://gòogle.com/secure,1
https://stackoverflow.com/questions,0
https://www.google.com,0
http://bit.ly/2kfdA9,1
https://www.googIe.com,1
https://github.com/login,0
https://www.netflix.com/browse,0
https://netflix-updàte.com,1
http://10.10.10.10/verify-account,1
http://verify.www.paypal.com.account.secure.xyz,1
https://reactjs.org,0
https://facebook.com,0
http://t.co/9Ajsd82,1
https://ámázon.com,1
https://github.com/login,0
http://amzon.com,1
http://gòogle.com/secure,1
https://www.google.com,0
https://tinyurl.com/aB3x9k,1
http://paypál.com/login,1
https://reddit.com/r/learnpython,0
https://www.amazon.com/gp/cart/view.html,0
https://youtube.com,0
http://paypal-update-user.info,1
https://twitter.com/home,0
http://www.linkdln.com,1
https://reddit.com/r/learnpython,0
https://github.com/login,0
https://news.ycombinator.com,0
https://youtube.com,0
https://github.com/login,0
http://10.10.10.10/verify-account,1
https://news.ycombinator.com,0
http://verify-your-bank-account.com,1
http://login-apple-support.net/qxj9k2z0vmfmwaq8p,1
https://netflix-updàte.com,1
https://github.com/login,0
https://facebook.com,0
https://reactjs.org,0
https://github.com/login,0
https://www.microsoft.com,0
https://www.amazon.com/gp/cart/view.html,0
https://www.google.com,0
https://www.openai.com,0
https://stackoverflow.com/questions,0
https://en.wikipedia.org/wiki/Phishing,0
https://www.openai.com,0
https://facebook.com,0
https://facebook.com,0
http://paypal-update-user.info,1
https://twitter.com/home,0
http://192.168.1.1/login.php,1
https://en.wikipedia.org/wiki/Phishing,0
http://facebook-login-verify.com/secure,1
https://tinyurl.com/aB3x9k,1
https://netflix-updàte.com,1
https://reactjs.org,0
http://verify.www.paypal.com.account.secure.xyz,1
https://tinyurl.com/aB3x9k,1
http://secure-update-account.com/token=e82fjwqz8x9cqm,1
https://youtube.com,0
http://amzon.com,1
http://192.168.1.1/login.php,1
https://stackoverflow.com/questions,0
https://www.google.com,0
https://reddit.com/r/learnpython,0
http://paypál.com/login,1
http://bit.ly/2kfdA9,1
https://amazon-security-update.com/a93jg8q94j284hq98fhq284hf,1
http://account-verify.xyz,1
https://stackoverflow.com/questions,0
http://www.linkdln.com,1
https://twitter.com/home,0
https://www.googIe.com,1
https://www.microsoft.com,0
https://youtube.com,0
https://faceb00k.com,1
https://www.linkedin.com/feed,0
https://www.apple.com/iphone,0
https://reactjs.org,0
https://en.wikipedia.org/wiki/Phishing,0
https://appIe.com,1
http://bit.ly/2kfdA9,1
https://news.ycombinator.com,0
http://bit.ly/2kfdA9,1
http://gòogle.com/secure,1
https://en.wikipedia.org/wiki/Phishing,0
https://appIe.com,1
http://account-verify.xyz,1
http://facebook-login-verify.com/secure,1
https://youtube.com,0
https://twitter.com/home,0
http://t.co/9Ajsd82,1
https://www.microsoft.com,0
http://secure-update-account.com/token=e82fjwqz8x9cqm,1
http://bit.ly/2kfdA9,1
https://github.com/login,0
https://youtube.com,0
https://www.netflix.com/browse,0
http://10.10.10.10/verify-account,1
https://medium.com,0
http://www.linkdln.com,1
https://www.openai.com,0
https://en.wikipedia.org/wiki/Phishing,0
http://t.co/9Ajsd82,1
https://reactjs.org,0
https://fàcebook.com,1
https://www.openai.com,0
https://youtube.com,0
https://tinyurl.com/aB3x9k,1
http://account-verify.xyz,1
https://facebook.com,0
https://en.wikipedia.org/wiki/Phishing,0
http://172.16.0.5/confirm,1
https://youtube.com,0
http://paypal-update-user.info,1
http://t.co/9Ajsd82,1
https://reactjs.org,0
https://www.amazon.com/gp/cart/view.html,0
http://172.16.0.5/confirm,1
https://www.openai.com,0
http://paypál.com/login,1
https://appIe.com,1
https://github.com/login,0
https://facebook.com,0
https://medium.com,0
http://amzon.com,1
http://account.update.secure.login.bankofamerica.com.evil.net,1
https://news.ycombinator.com,0
https://www.apple.com/iphone,0
https://faceb00k.com,1
https://www.microsoft.com,0
http://t.co/9Ajsd82,1
https://www.linkedin.com/feed,0
https://www.microsoft.com,0
http://account-verify.xyz,1
https://reactjs.org,0
https://www.cloudflare.com,0
https://github.com/login,0
https://reddit.com/r/learnpython,0
https://appIe.com,1
https://fàcebook.com,1
https://www.microsoft.com,0
http://verify-your-bank-account.com,1
https://netflix-updàte.com,1
https://medium.com,0
http://192.168.1.1/login.php,1
https://www.netflix.com/browse,0
https://news.ycombinator.com,0
http://gòogle.com/secure,1
https://reddit.com/r/learnpython,0
http://www.linkdln.com,1
http://paypál.com/login,1
https://www.google.com,0
http://10.10.10.10/verify-account,1
https://tinyurl.com/aB3x9k,1
https://medium.com,0
http://10.10.10.10/verify-account,1
https://github.com/login,0
https://stackoverflow.com/questions,0
https://twitter.com/home,0
http://paypa1.com,1
https://reactjs.org,0
https://www.netflix.com/browse,0
https://faceb00k.com,1
https://www.amazon.com/gp/cart/view.html,0
http://verify.www.paypal.com.account.secure.xyz,1
http://account.update.secure.login.bankofamerica.com.evil.net,1
https://www.microsoft.com,0
http://amzon.com,1
http://bit.ly/2kfdA9,1
https://twitter.com/home,0
http://gòogle.com/secure,1
http://account-verify.xyz,1
https://stackoverflow.com/questions,0
https://stackoverflow.com/questions,0
https://www.netflix.com/browse,0
https://www.openai.com,0
https://www.linkedin.com/feed,0
https://twitter.com/home,0
https://stackoverflow.com/questions,0
https://amazon-security-update.com/a93jg8q94j284hq98fhq284hf,1
https://www.microsoft.com,0
https://news.ycombinator.com,0
https://en.wikipedia.org/wiki/Phishing,0
http://account.update.secure.login.bankofamerica.com.evil.net,1
http://account.update.secure.login.bankofamerica.com.evil.net,1
https://youtube.com,0
https://news.ycombinator.com,0
https://www.google.com,0
https://www.apple.com/iphone,0
http://facebook-login-verify.com/secure,1
http://facebook-login-verify.com/secure,1
http://verify-your-bank-account.com,1
http://172.16.0.5/confirm,1
https://reactjs.org,0
http://192.168.1.1/login.php,1
https://ámázon.com,1
https://news.ycombinator.com,0
https://ámázon.com,1
http://gòogle.com/secure,1
http://account-verify.xyz,1
https://youtube.com,0
https://www.microsoft.com,0
http://netflix-update.com,1
https://reactjs.org,0
https://faceb00k.com,1
http://verify-your-bank-account.com,1
https://www.googIe.com,1
https://youtube.com,0
https://github.com/login,0
https://www.apple.com/iphone,0
http://paypa1.com,1
https://www.apple.com/iphone,0
http://10.10.10.10/verify-account,1
http://netflix-update.com,1
https://stackoverflow.com/questions,0
https://reactjs.org,0
https://www.apple.com/iphone,0
http://bit.ly/2kfdA9,1
http://10.10.10.10/verify-account,1
https://fàcebook.com,1
https://amazon-security-update.com/a93jg8q94j284hq98fhq284hf,1
https://news.ycombinator.com,0
http://netflix-update.com,1
https://medium.com,0
https://news.ycombinator.com,0
http://paypál.com/login,1
http://paypa1.com,1
http://netflix-update.com,1
http://account-verify.xyz,1
https://tinyurl.com/aB3x9k,1
https://www.linkedin.com/feed,0
https://fàcebook.com,1
https://en.wikipedia.org/wiki/Phishing,0
https://youtube.com,0
https://youtube.com,0
https://faceb00k.com,1
http://verify-your-bank-account.com,1
https://faceb00k.com,1
http://facebook-login-verify.com/secure,1
http://login-apple-support.net/qxj9k2z0vmfmwaq8p,1
http://secure-update-account.com/token=e82fjwqz8x9cqm,1
https://www.cloudflare.com,0
https://news.ycombinator.com,0
https://www.amazon.com/gp/cart/view.html,0
https://www.google.com,0
https://fàcebook.com,1
http://paypal-update-user.info,1
https://www.cloudflare.com,0
https://tinyurl.com/aB3x9k,1
https://amazon-security-update.com/a93jg8q94j284hq98fhq284hf,1
https://reactjs.org,0
http://verify-your-bank-account.com,1
https://www.cloudflare.com,0
https://www.amazon.com/gp/cart/view.html,0
https://faceb00k.com,1
https://www.apple.com/iphone,0
https://www.cloudflare.com,0
http://172.16.0.5/confirm,1
https://ámázon.com,1
http://paypál.com/login,1
https://www.google.com,0
https://www.openai.com,0
https://tinyurl.com/aB3x9k,1
http://paypal-update-user.info,1
https://facebook.com,0
http://netflix-update.com,1
https://youtube.com,0
http://secure-update-account.com/token=e82fjwqz8x9cqm,1
https://www.cloudflare.com,0
https://stackoverflow.com/questions,0
http://account.update.secure.login.bankofamerica.com.evil.net,1
https://medium.com,0
https://www.google.com,0
https://en.wikipedia.org/wiki/Phishing,0
http://192.168.1.1/login.php,1
https://twitter.com/home,0
https://www.apple.com/iphone,0
http://192.168.1.1/login.php,1
http://login-apple-support.net/qxj9k2z0vmfmwaq8p,1
https://www.cloudflare.com,0
https://www.googIe.com,1
https://news.ycombinator.com,0
http://gòogle.com/secure,1
https://www.linkedin.com/feed,0
https://www.netflix.com/browse,0
https://github.com/login,0
https://ámázon.com,1
https://www.netflix.com/browse,0
http://bit.ly/2kfdA9,1
https://www.amazon.com/gp/cart/view.html,0
http://gòogle.com/secure,1
https://reactjs.org,0
https://stackoverflow.com/questions,0
http://account.update.secure.login.bankofamerica.com.evil.net,1
https://www.linkedin.com/feed,0
https://stackoverflow.com/questions,0
https://youtube.com,0
https://amazon-security-update.com/a93jg8q94j284hq98fhq284hf,1
https://news.ycombinator.com,0
http://www.linkdln.com,1
https://www.amazon.com/gp/cart/view.html,0
https://www.google.com,0
https://www.apple.com/iphone,0
https://www.microsoft.com,0
http://t.co/9Ajsd82,1
https://tinyurl.com/aB3x9k,1
https://www.microsoft.com,0
http://paypal-update-user.info,1
http://login-apple-support.net/qxj9k2z0vmfmwaq8p,1
https://amazon-security-update.com/a93jg8q94j284hq98fhq284hf,1
https://medium.com,0
https://stackoverflow.com/questions,0
https://medium.com,0
https://www.openai.com,0
https://faceb00k.com,1
http://paypál.com/login,1
https://news.ycombinator.com,0
https://twitter.com/home,0
http://www.linkdln.com,1
https://tinyurl.com/aB3x9k,1
https://www.cloudflare.com,0
http://paypal-update-user.info,1
http://login-apple-support.net/qxj9k2z0vmfmwaq8p,1
https://facebook.com,0
http://secure-update-account.com/token=e82fjwqz8x9cqm,1
https://medium.com,0
https://news.ycombinator.com,0
https://fàcebook.com,1
https://facebook.com,0
https://fàcebook.com,1
https://facebook.com,0
https://www.netflix.com/browse,0
http://verify.www.paypal.com.account.secure.xyz,1
https://appIe.com,1
https://medium.com,0
https://www.cloudflare.com,0
https://www.amazon.com/gp/cart/view.html,0
https://stackoverflow.com/questions,0
http://verify-your-bank-account.com,1
http://paypál.com/login,1
https://facebook.com,0
https://www.apple.com/iphone,0
https://facebook.com,0
https://www.netflix.com/browse,0
https://news.ycombinator.com,0
https://netflix-updàte.com,1
https://youtube.com,0
https://en.wikipedia.org/wiki/Phishing,0
https://www.linkedin.com/feed,0
https://twitter.com/home,0
https://netflix-updàte.com,1
http://paypa1.com,1
https://www.google.com,0
http://10.10.10.10/verify-account,1
https://twitter.com/home,0
https://twitter.com/home,0
https://www.openai.com,0
https://www.netflix.com/browse,0
https://tinyurl.com/aB3x9k,1
http://account-verify.xyz,1
https://amazon-security-update.com/a93jg8q94j284hq98fhq284hf,1
https://stackoverflow.com/questions,0
https://medium.com,0
http://192.168.1.1/login.php,1
http://paypál.com/login,1
https://www.linkedin.com/feed,0
https://en.wikipedia.org/wiki/Phishing,0
http://paypa1.com,1
https://www.googIe.com,1
http://gòogle.com/secure,1
https://www.netflix.com/browse,0
https://github.com/login,0
https://netflix-updàte.com,1
https://www.amazon.com/gp/cart/view.html,0
http://www.linkdln.com,1
https://www.amazon.com/gp/cart/view.html,0
http://secure-update-account.com/token=e82fjwqz8x9cqm,1
http://192.168.1.1/login.php,1
https://www.linkedin.com/feed,0
http://secure-update-account.com/token=e82fjwqz8x9cqm,1
https://www.googIe.com,1
https://www.microsoft.com,0
https://reddit.com/r/learnpython,0
https://appIe.com,1
https://reddit.com/r/learnpython,0
http://gòogle.com/secure,1
https://www.googIe.com,1
https://www.apple.com/iphone,0
https://www.cloudflare.com,0
https://tinyurl.com/aB3x9k,1
https://www.google.com,0
https://twitter.com/home,0
https://www.cloudflare.com,0
https://www.openai.com,0
https://stackoverflow.com/questions,0
https://www.google.com,0
http://secure-update-account.com/token=e82fjwqz8x9cqm,1
https://ámázon.com,1
http://www.linkdln.com,1
http://amzon.com,1
http://172.16.0.5/confirm,1
https://www.cloudflare.com,0
http://facebook-login-verify.com/secure,1
http://netflix-update.com,1
https://youtube.com,0
https://www.microsoft.com,0
https://netflix-updàte.com,1
https://en.wikipedia.org/wiki/Phishing,0
https://www.openai.com,0
https://www.googIe.com,1
https://faceb00k.com,1
http://10.10.10.10/verify-account,1
http://verify.www.paypal.com.account.secure.xyz,1
https://en.wikipedia.org/wiki/Phishing,0
https://appIe.com,1
http://paypa1.com,1
http://verify.www.paypal.com.account.secure.xyz,1
https://youtube.com,0
https://reactjs.org,0
https://ámázon.com,1
https://twitter.com/home,0
https://www.amazon.com/gp/cart/view.html,0
https://ámázon.com,1
https://www.netflix.com/browse,0
https://reactjs.org,0
https://fàcebook.com,1
http://amzon.com,1
https://twitter.com/home,0
https://twitter.com/home,0
https://ámázon.com,1
http://t.co/9Ajsd82,1
https://youtube.com,0
https://facebook.com,0
http://paypa1.com,1
https://amazon-security-update.com/a93jg8q94j284hq98fhq284hf,1
https://www.netflix.com/browse,0
https://reddit.com/r/learnpython,0
https://faceb00k.com,1
https://en.wikipedia.org/wiki/Phishing,0
https://amazon-security-update.com/a93jg8q94j284hq98fhq284hf,1
https://www.amazon.com/gp/cart/view.html,0
https://medium.com,0
https://medium.com,0
http://10.10.10.10/verify-account,1
https://en.wikipedia.org/wiki/Phishing,0
https://www.google.com,0
http://secure-update-account.com/token=e82fjwqz8x9cqm,1
https://www.google.com,0
https://www.netflix.com/browse,0
http://account-verify.xyz,1
https://stackoverflow.com/questions,0
https://netflix-updàte.com,1
http://verify-your-bank-account.com,1
http://secure-update-account.com/token=e82fjwqz8x9cqm,1
https://www.cloudflare.com,0
https://www.linkedin.com/feed,0
http://facebook-login-verify.com/secure,1
http://www.linkdln.com,1
https://www.cloudflare.com,0
http://login-apple-support.net/qxj9k2z0vmfmwaq8p,1
https://reddit.com/r/learnpython,0
http://amzon.com,1
http://192.168.1.1/login.php,1
https://www.openai.com,0
https://facebook.com,0
https://faceb00k.com,1
http://172.16.0.5/confirm,1
http://verify.www.paypal.com.account.secure.xyz,1
http://facebook-login-verify.com/secure,1
http://172.16.0.5/confirm,1
https://www.linkedin.com/feed,0
https://www.openai.com,0
http://account.update.secure.login.bankofamerica.com.evil.net,1
https://stackoverflow.com/questions,0
https://www.microsoft.com,0
https://www.amazon.com/gp/cart/view.html,0
https://twitter.com/home,0
http://netflix-update.com,1
http://paypál.com/login,1
http://bit.ly/2kfdA9,1
http://t.co/9Ajsd82,1
https://stackoverflow.com/questions,0
